,farthest,closest,average_vec
weight,-0.10749736428260803,0.5561328530311584,"[ 0.2540929  -0.4142035  -0.2480687   0.68116623  0.08801977 -0.63132495
 -0.4150012  -0.60444933 -0.45723262 -0.04890256 -0.01388052  0.4370183
  0.09365816  0.24737261  0.31604698 -0.4793052  -0.00634691 -0.5972257
 -0.11358301  0.01204611 -0.49402222 -0.03834917 -0.96844864  0.4382821
  0.1458353  -0.19966368  0.04980982 -0.23831211  0.13067526  0.1166532
 -0.21498792  0.62028706  0.0850747   0.07984139  0.31676695 -0.03601415
  0.19638146  0.02902194  0.8089682  -0.4883681  -0.37887183  0.5306308
  0.04006957 -0.32686073 -0.05783366 -0.04001153 -0.21418269  0.03132758
 -0.55468595  0.20118119  0.7238613  -0.29895446  0.29564363  0.39893273
  0.18953657 -0.17489602  0.17091884 -0.09133264  0.85804266  0.12166655
  0.0574462  -0.38968366 -0.21613465  0.31876925  0.25508958 -0.79553276
 -0.41245347  0.26683408  0.17629829 -0.16787806  0.1771718   0.7019429
 -0.28403774  0.03237287  0.05215072  0.21705091  0.4173417  -0.03356797
  0.7717748  -0.35569522  0.23489097  0.7255669  -0.02004795 -0.1407467
 -0.33254576  0.7235467  -0.53340954  0.5403756   0.03018711 -0.7629284
  0.10390874  0.10359289 -0.56542164  0.42069     0.2348944  -0.8738976
 -0.21073005  0.29673353 -0.2673821  -0.2502829   0.04174485 -0.16754721
  0.51438254  0.65172666  0.14209962  0.04979507 -0.15964295  0.3908846
  0.01746999 -0.5888383  -0.20350565 -0.69516563  0.41523042  0.92355436
  0.22252129 -0.12395484  0.4369634  -0.06232263  0.14757241 -0.7461258
  0.05189219  0.7690362   0.18632057  0.8563682   0.1395881  -0.3654585
  0.25909474 -0.74571216  0.5362853   0.03273686  0.4715496   0.05519095
 -0.14288361  0.24593873 -0.47142363 -0.2683097  -0.41428825 -0.0478835
  0.31439468  0.30745003 -0.64822006  0.22362883  0.10213643  0.36757827
 -0.29783484  0.15392084  0.02790971 -0.37623388 -0.13708949 -0.00614466
  0.14485355 -0.3361551  -0.12886547  0.18081363  0.09342731  0.63642055
  0.00867038 -0.24949577 -0.34732932  0.43695983 -0.34861967 -0.15585557
 -0.03547995 -0.21697429 -0.15458171  0.44847104  0.6310213  -0.41805857
 -0.41584703 -0.21546412 -0.48920196  0.8300231  -0.80423766 -0.6456417
 -0.14815664  0.41204187  0.37322792  0.43678132 -0.29327074  0.2122053
 -0.13797715 -0.5854064  -0.28905606  0.2780259   0.4076644   0.31579074
  0.28550076 -0.64727134 -0.0056797  -0.54779345  0.08480754  0.12064708
  0.65922654  0.50348544 -0.60554594  0.3998249   0.20340995  0.21340434
 -0.4513902  -0.33544654  0.176507    0.01486012  0.31366077 -0.29399344
  0.23418066  0.22651471  0.34521645 -0.10655408 -0.12093539  0.5009779
  0.28552556  0.32098693  0.38694072  0.46170062 -0.32488438 -0.44554505
 -0.05050223 -0.04964875  0.1929764  -0.0343081  -0.06373765  0.3269814
 -0.2734895  -0.4849429   0.23118508 -0.16079737 -0.20478044 -0.02999319
 -0.21792482 -0.08952616  0.34160614  0.5095877  -0.13636896  0.34900188
 -0.23600431 -0.08276037 -0.657071    0.03433769 -0.01417927 -0.5442521
 -0.18292512  0.55574435 -0.28161213 -0.75538033  0.04926096 -0.08010524
 -0.4764232  -0.04875124  0.5212359   0.43076238 -0.34659502 -0.326123
 -0.37790972  0.13327353  0.00967239  0.33682558 -0.12014264 -0.65075284
 -0.19513868  0.32654777 -0.3836574  -1.1250844  -0.3617931  -0.08573104
  0.04101538 -0.19129394  0.20080985 -0.28741452  0.61537963 -0.6132807
 -0.9428383   0.80219215  0.6686925  -0.5042144  -0.37075454  0.01811811
  0.2561854   0.18492876  0.18688063 -0.32262987 -0.2900329   0.58392304
  0.39708042  0.45589644  0.21460406 -0.5185098   0.07559557 -0.06800525
  0.615799    1.0234746   0.18143657 -0.5181476   0.24708416 -0.26996014
 -0.32776922 -0.8246159  -0.2008386  -0.27804247 -0.31888026 -0.18362357]"
sweet,-0.18758000433444977,0.5571886301040649,"[ 7.60697067e-01 -2.61732668e-01  3.78885508e-01  1.33207107e+00
 -6.09140098e-01 -2.26634145e+00 -2.09467337e-01  1.54790876e-03
  4.58396256e-01  1.00669074e+00 -4.23802674e-01  1.48392224e+00
 -2.18249753e-01  8.82722378e-01 -8.60474765e-01  1.25949991e+00
 -6.78670347e-01  2.35234261e-01 -4.61990356e-01 -4.42283005e-01
 -2.06407022e+00 -1.44224405e+00 -3.10085062e-02  1.18170285e+00
  8.35162759e-01  1.92409903e-01 -7.49689639e-01 -5.28625011e-01
 -5.54551482e-01  4.24856246e-01 -8.66942286e-01  1.70349920e+00
  6.72274470e-01 -5.99286497e-01 -3.74196708e-01 -7.14224517e-01
  1.43596780e+00 -6.41458988e-01  6.47688746e-01 -6.87202275e-01
  1.14504732e-01 -1.01021171e-01 -1.01596713e-01  9.55705643e-01
 -3.04297715e-01  1.30928636e+00 -5.84357500e-01  9.81531322e-01
 -8.79520774e-01  8.76881599e-01  3.17846239e-01 -4.95715231e-01
 -6.69716358e-01  7.73523077e-02  1.81559491e+00  3.61317620e-02
  8.56447816e-01 -4.94238511e-02 -3.74986410e-01  3.96050990e-01
  2.24390775e-01 -5.98426819e-01 -2.11554974e-01  7.20452130e-01
  6.20976925e-01 -4.96697426e-01  1.85125694e-01 -7.91466683e-02
  4.38629925e-01 -1.08176686e-01  5.89153707e-01 -1.01542331e-01
 -3.19986120e-02  5.26400208e-01 -1.26834035e+00 -8.38935673e-01
  3.51215191e-02  2.76310503e-01  4.43797261e-01 -4.04959679e-01
 -2.06052497e-01 -1.15310196e-02 -1.10653925e+00 -1.16360700e+00
 -2.95414925e-01 -6.07354462e-01  1.32046652e+00  3.64358127e-01
  4.63790834e-01 -5.88109851e-01  4.55876827e-01  3.67679030e-01
  5.75308576e-02  1.39699149e+00  7.67282665e-01 -1.13176668e+00
 -7.23602772e-01 -7.69097149e-01  2.39553615e-01  7.83647299e-02
  1.67138055e-01 -6.94646120e-01  1.17337499e-02  3.10361534e-01
  2.71201223e-01  1.52991682e-01 -4.46685165e-01 -3.57723355e-01
  1.29775032e-01  8.12019527e-01  6.70738399e-01 -3.06184888e-01
  4.30555522e-01  1.13896561e+00 -4.48326021e-01  9.72864151e-01
  7.92281985e-01  5.07717133e-01 -6.28567338e-01  2.85693228e-01
  1.66482441e-02  1.31873226e+00 -1.43457949e+00  1.24722958e-01
 -7.84812570e-01  4.26625833e-02  8.77767384e-01 -3.20569485e-01
  2.67634392e-02  1.55790478e-01 -7.37656713e-01 -8.49131882e-01
  1.60035461e-01  1.22245528e-01 -1.12176681e+00  2.68391967e-01
 -1.36805665e+00 -5.58611572e-01 -7.93926895e-01 -2.71617949e-01
 -9.48617235e-02 -6.10203087e-01  1.35269882e-02  3.31263810e-01
 -2.16079444e-01 -3.39185476e-01  1.30222023e-01 -7.74882376e-01
  5.28763771e-01  5.25251508e-01 -1.26052916e-01  2.89335370e-01
 -3.86253059e-01  6.36298776e-01 -1.24648893e+00 -2.23470569e-01
  1.81398004e-01 -1.29471317e-01 -1.78435490e-01 -1.20164287e+00
 -6.44764423e-01  5.70787251e-01 -7.16967821e-01 -3.05312008e-01
  6.87756389e-02 -1.54233307e-01  9.40935791e-01  7.72111475e-01
  3.63110125e-01 -1.27459615e-01 -6.59870327e-01  1.45933318e+00
 -1.13252330e+00 -1.04680550e+00  1.19321609e+00  7.44455010e-02
  7.25616813e-01  4.54582781e-01 -4.93468612e-01  1.10746644e-01
 -1.19289696e+00 -1.83252141e-01 -4.84686941e-01  1.31680739e+00
 -1.21950507e+00 -1.09163068e-01  1.97144485e+00  1.06330776e+00
 -6.31832778e-01 -1.06505775e+00 -2.23505661e-01 -3.80437016e-01
  1.55627346e+00  1.10303366e+00 -4.25926119e-01  1.23087215e+00
 -2.62707174e-01  5.51326811e-01 -6.22402966e-01 -1.25631046e+00
  8.55628192e-01  4.70771700e-01  6.21407628e-01 -5.40817976e-01
  7.06875622e-01  6.69514179e-01 -4.21023518e-01 -8.77969563e-02
  2.33452678e-01 -1.56530738e-02 -1.64627120e-01 -1.48334906e-01
 -3.07121009e-01  1.18426383e+00 -3.09599936e-01 -2.01441288e-01
  6.01682305e-01  1.40981627e+00  5.52850187e-01 -7.15260684e-01
 -2.17166185e-01 -2.89229959e-01 -3.18533480e-01 -9.76538539e-01
  2.63043582e-01 -2.34833360e-01 -2.36943647e-01  2.30665877e-01
 -2.29804188e-01 -9.07509029e-01  1.99621901e-01  9.03157830e-01
  3.86716753e-01 -1.50788426e-01  1.95127398e-01  1.79782808e+00
  1.76715434e-01  6.02504909e-01  8.51839364e-01  4.01745737e-01
 -2.36887172e-01  1.31894457e+00  8.54102254e-01  6.03719831e-01
  7.32906342e-01 -7.83777982e-02 -1.38429940e-01 -6.77210808e-01
  5.31806648e-01  3.64380687e-01  5.01095712e-01  3.29150409e-01
 -5.60033321e-01 -6.31456375e-01  1.14117110e+00 -1.43807268e+00
  6.74298882e-01 -3.82401347e-01 -9.19397354e-01 -1.11288264e-01
  1.99845269e-01 -6.58393860e-01  7.72241950e-01  4.76537049e-01
 -7.01831818e-01 -4.33242321e-01  8.71096015e-01 -9.59796160e-02
 -5.36494672e-01 -1.30632687e+00  2.06120104e-01  1.83933124e-01
 -4.32286501e-01 -2.80017734e-01 -7.21373677e-01 -1.54958963e-01
  1.09016454e+00 -6.59721494e-01  2.82839537e-02  4.40469503e-01
  7.66674429e-02  7.29685426e-01 -8.33471045e-02  3.18331629e-01
 -5.60905933e-02 -4.06045288e-01 -8.36745262e-01 -1.12196863e+00
 -4.53014612e-01  2.55854726e-01  6.09291911e-01 -5.98371141e-02
  2.25407600e+00 -4.31645244e-01 -4.48087454e-02 -6.05650067e-01
  6.03616238e-02 -5.17127335e-01 -6.73250556e-01 -1.51756868e-01]"
acid,-0.13596442341804504,0.5885778069496155,"[-2.73722559e-01  2.05875821e-02 -2.81365842e-01  2.03598931e-01
 -4.82008643e-02 -6.47786081e-01 -8.44632924e-01  4.60052900e-02
  1.95090566e-02 -3.50491405e-01 -8.20836544e-01  4.54487771e-01
 -1.50697038e-01  3.29085350e-01 -4.47640866e-01 -3.89211029e-01
  5.32580428e-02  1.90365031e-01  6.12788737e-01  2.74486065e-01
 -9.10823047e-01 -4.12450463e-01  2.67097086e-01  5.55388808e-01
 -1.66501105e-01 -1.27911987e-02 -3.17680925e-01 -6.78179637e-02
 -6.00106061e-01  8.97256434e-01  7.81607449e-01  8.72254312e-01
 -1.76853444e-02 -5.65091133e-01 -1.30091876e-01 -3.44874591e-01
  3.04925591e-01  3.60900573e-02  1.82042137e-01 -5.92034519e-01
 -2.74762839e-01 -2.70190346e-03 -6.64840043e-01  3.96109909e-01
 -5.66475630e-01  3.03753853e-01 -9.94317114e-01  2.49401227e-01
 -1.08717829e-02  2.96716750e-01  2.00821683e-01 -7.28673562e-02
 -2.36876503e-01  3.80988508e-01  6.45686567e-01 -3.43743175e-01
  3.06048721e-01 -3.44344005e-02  3.10259104e-01  7.49354213e-02
  2.15084121e-01 -1.70327142e-01  1.08330142e+00  1.96458086e-01
 -3.33163798e-01 -4.32663530e-01  4.03640658e-01  3.94656420e-01
 -2.47139454e-01 -7.98141956e-02  6.26103163e-01  2.74717003e-01
 -4.06330138e-01 -1.87417462e-01 -5.04224300e-01  1.10739268e-01
  4.67389256e-01  4.21091884e-01 -4.82794531e-02 -8.34028900e-01
 -3.75879377e-01  2.46438026e-01 -9.11986172e-01 -4.57592100e-01
 -4.88664538e-01 -6.03754818e-02 -4.75876331e-01 -1.12440236e-01
  9.70780075e-01 -3.53170305e-01 -1.71606407e-01 -1.92633942e-01
 -4.36504483e-01  2.42873192e-01  1.28938422e-01 -1.18175471e+00
 -2.67410606e-01 -4.66364056e-01 -5.33366382e-01  2.11943626e-01
 -1.58669457e-01 -4.41759497e-01  3.93230826e-01  9.63378370e-01
 -3.62106472e-01  2.03378379e-01 -4.76444125e-01 -1.00263083e+00
  3.64244431e-01  4.74437661e-02  3.61106902e-01 -1.21051764e+00
  1.65705547e-01  1.84798002e-01  2.86292434e-01  3.43637586e-01
  1.89071774e-01  5.19347072e-01 -3.59069519e-02 -2.54154384e-01
 -3.85895185e-02  1.05134904e+00  4.39596534e-01  4.24722999e-01
  4.71670777e-01 -1.33338332e-01 -1.74227893e-01 -2.22851828e-04
 -1.60084814e-02 -5.06941557e-01  5.33146918e-01  2.05276921e-01
 -6.76934958e-01 -9.74026382e-01  1.93748567e-02  1.12758361e-01
 -3.63510221e-01 -3.52387466e-02 -9.42914486e-02  3.88755172e-01
 -9.68302250e-01 -2.91204780e-01  4.61599827e-01 -1.31402686e-01
  3.34887862e-01 -1.82424366e-01  1.02559656e-01 -1.07779205e-01
  1.58457741e-01  3.81381899e-01  1.02851568e-02  1.83188722e-01
 -1.26496363e+00  8.65142405e-01  1.49364933e-01 -2.47865751e-01
 -7.42623582e-03  4.99721058e-02 -6.05991244e-01 -4.04588908e-01
 -9.00710583e-01  4.71881628e-01  5.58619857e-01 -1.13457702e-01
  2.88831115e-01  1.96918264e-01  7.69420147e-01  9.62309361e-01
  6.24227710e-02  3.82313341e-01 -3.72435659e-01  7.32537568e-01
 -7.76742041e-01 -1.59047797e-01  6.85647488e-01  4.00645018e-01
 -3.58066079e-03  2.43259117e-01  1.19017184e-01  4.85207647e-01
 -7.73521721e-01 -4.48028415e-01 -4.76020485e-01  4.78427671e-02
 -1.01854138e-01  6.53748453e-01  2.32311562e-01 -3.93769890e-01
 -1.92294791e-01 -9.30123329e-01  8.34782839e-01  4.39008087e-01
  6.86251163e-01  8.81605208e-01 -6.72178984e-01  1.10542916e-01
 -1.01076877e+00  5.34545422e-01 -2.81453460e-01 -7.79847562e-01
  1.22555517e-01  4.56759334e-01 -1.02431007e-01 -4.64325100e-01
 -3.31304103e-01  9.10395905e-02  8.94691721e-02 -7.63535261e-01
  3.79586220e-02  5.49443543e-01  3.15188617e-01 -3.42880100e-01
 -2.14246348e-01  2.87286073e-01  8.15597177e-02 -6.24422371e-01
 -2.44821057e-01 -1.73079133e-01  2.90509135e-01 -2.43151069e-01
 -5.18299282e-01 -4.76101637e-02 -4.46475983e-01  5.80862820e-01
 -4.17951196e-02 -2.62327522e-01 -3.51155490e-01  1.30309267e-02
  6.47027850e-01  2.03753829e-01  4.00325388e-01  7.50221550e-01
  7.08015859e-02 -5.90630434e-02 -3.94320726e-01  1.53919566e+00
 -3.57571244e-01  7.15475380e-01  1.52082011e-01 -3.93274903e-01
 -6.20732689e-03 -6.41766116e-02 -1.64291516e-01 -5.13414919e-01
 -2.50411510e-01 -7.79005229e-01  2.28163198e-01  5.53692281e-01
  8.43383297e-02  1.09230566e+00  4.01190162e-01 -7.50163555e-01
  2.61215776e-01  1.51811644e-01  2.63835788e-01 -9.46141481e-02
  2.91420817e-01 -6.54562652e-01 -7.33013391e-01 -3.98871928e-01
 -7.45811403e-01 -2.26340696e-01  1.13962591e-03  9.75229219e-02
 -5.30849509e-02 -6.70423090e-01  2.49704823e-01  2.16493513e-02
  8.09134960e-01 -8.72725487e-01 -7.87023380e-02  1.45121440e-01
 -1.49450064e-01 -4.57551003e-01 -3.22484598e-02 -4.62487340e-04
  3.46370548e-01 -7.25419298e-02  7.66863450e-05 -4.61186081e-01
 -2.43906379e-01 -8.07174385e-01  6.59983680e-02  1.34486806e+00
  1.59901202e-01 -1.24029726e-01 -8.58947277e-01  2.17056274e-03
 -1.69086754e-01  3.81782889e-01 -2.77208090e-02 -1.60385415e-01
  6.10656977e-01 -3.90417188e-01 -2.95691490e-01  1.62319288e-01
  2.13050663e-01 -5.07390678e-01 -3.88605922e-01 -1.22931778e-01]"
salt,-0.13232511281967163,0.5996409058570862,"[ 2.98659831e-01 -1.03944719e+00  1.90285936e-01 -1.15090542e-01
 -3.34742397e-01  2.36056447e-02 -3.04845840e-01 -8.62370074e-01
 -8.17235947e-01 -3.30518872e-01 -7.51817942e-01  3.11922193e-01
  3.66365761e-02 -7.42757246e-02  1.46532610e-01 -9.75034416e-01
  4.93119597e-01 -4.73357439e-02 -1.93818122e-01  1.20506406e-01
 -9.40655470e-01  6.90627337e-01 -1.13842607e+00 -5.75527223e-03
  2.61195898e-02 -2.91180789e-01 -3.16464216e-01  4.84626833e-03
 -5.59440441e-02  6.73677981e-01 -7.74221718e-02  3.75817746e-01
 -2.94934511e-01  3.36621583e-01 -2.38691673e-01  8.13294202e-02
  8.73061895e-01  6.25275910e-01  6.12954497e-01  2.60819703e-01
 -3.68825376e-01  6.43782675e-01 -4.55608577e-01 -8.80299330e-01
 -1.36669213e-02 -9.87726331e-01 -1.09494686e+00 -5.21784484e-01
 -6.43822014e-01  2.34422952e-01  6.44294560e-01 -2.94616580e-01
  2.12424174e-01  1.02932549e+00  3.95117342e-01  1.66813716e-01
 -4.87829596e-02 -2.09225371e-01  5.74538410e-01  7.08322525e-01
 -4.95633453e-01  1.43935755e-01  1.26064137e-01  9.67605352e-01
  1.26639068e-01 -7.86765963e-02 -2.89370745e-01  2.47315779e-01
 -5.81659488e-02  1.98637024e-01 -3.05899307e-02  8.18093538e-01
  1.33073628e-01  1.44257069e-01  3.10140103e-01  9.16257948e-02
  1.06305182e+00 -4.57272798e-01  2.51311272e-01 -3.60600203e-01
 -1.76238224e-01  3.03473830e-01 -2.44370356e-01 -1.24101210e+00
 -2.73622066e-01  2.76351869e-01 -1.02705443e+00  7.63532182e-04
 -6.34745657e-02 -3.80249292e-01 -2.43265808e-01 -2.90877279e-03
 -3.04578334e-01 -4.76818413e-01  6.97437897e-02 -1.02005601e+00
 -1.27605164e+00  1.03580125e-01  4.68877219e-02 -5.88183641e-01
  1.69174001e-02 -2.42120951e-01  5.26159167e-01  4.68903184e-01
 -4.75344300e-01  6.06458783e-01  3.86213034e-01  8.03161561e-02
  5.18889949e-02 -8.53568137e-01  1.43560171e-01 -7.71651268e-01
  4.05037761e-01  5.35385370e-01 -1.52896464e-01 -3.17096353e-01
 -5.86181402e-01 -4.62789655e-01  2.33209953e-01 -1.51866544e-02
 -2.03195810e-01 -3.88245434e-01  1.95197314e-01  8.54436517e-01
  9.64855105e-02 -5.22590756e-01 -2.82803953e-01 -1.36257485e-01
  3.55139852e-01 -1.25536576e-01  2.54269660e-01  1.35251999e-01
 -3.80475163e-01  5.10239780e-01  1.41751185e-01 -1.53588086e-01
  2.68031567e-01 -1.15025416e-01  1.01845574e+00  6.31855786e-01
 -7.98261344e-01  5.46611011e-01  3.80133651e-02  3.59606028e-01
 -1.07624084e-01  6.11957669e-01  1.57057121e-01 -1.79592922e-01
 -3.55600834e-01  1.11312546e-01  1.03738165e+00  6.02430582e-01
 -5.70537329e-01  5.54713011e-01 -4.21896875e-01  7.68883407e-01
 -5.42960703e-01 -6.93453074e-01 -7.86488831e-01  7.51566350e-01
  3.23866606e-01  5.35915136e-01  3.82373095e-01  4.02919590e-01
  1.54332772e-01  5.23913920e-01  8.23312759e-01  1.65579051e-01
 -6.41801953e-01 -6.48290575e-01 -5.72261393e-01  3.48058641e-01
 -5.98974466e-01 -2.04547420e-01 -4.51653808e-01  3.73127401e-01
 -3.47377509e-01  2.91059405e-01 -7.11621463e-01  6.20972693e-01
  1.04612336e-01  5.15348911e-02 -5.74271381e-01  5.40208101e-01
  7.20525503e-01  4.35557455e-01  3.76635790e-02 -3.95372391e-01
  4.66058791e-01 -1.24646711e+00 -5.38244963e-01  2.30168894e-01
  5.20298541e-01 -1.05693705e-01 -7.48513937e-01  4.15756762e-01
  7.26867914e-02  2.96028167e-01 -2.78687477e-01 -5.13345301e-01
 -3.36411670e-02  9.82589205e-04  3.05847377e-01 -4.42277312e-01
  3.41588020e-01  1.42625704e-01 -7.14795828e-01 -8.02952707e-01
  1.51907742e-01  1.22552502e+00  1.09549534e+00 -3.96274686e-01
  4.92960185e-01 -1.67856276e-01 -3.15563321e-01 -7.04996526e-01
  3.82854819e-01 -1.59227967e-01 -4.84790541e-02 -1.73797429e-01
 -4.58760738e-01  3.73002321e-01 -3.69657248e-01 -1.00673951e-01
  3.28545451e-01  5.76546311e-01 -6.66389704e-01 -6.69611633e-01
 -1.98556364e-01 -1.19455392e-02  3.90148938e-01  1.21562803e+00
  1.42349645e-01  4.03066464e-02 -1.92518011e-01  1.37074202e-01
 -2.24871427e-01 -8.02039862e-01 -5.14805198e-01 -6.57484710e-01
 -2.21101451e-03  1.41005039e-01  5.28534830e-01 -5.66224515e-01
  1.90564185e-01 -5.89814425e-01 -7.57273436e-01  5.65173030e-01
  7.78324842e-01  1.07913809e-02 -1.35777667e-01 -3.94744337e-01
  2.30927497e-01 -6.79179579e-02  3.69019359e-01  5.05033255e-01
  6.76115751e-01 -2.64305919e-01  2.00069740e-01  4.57906783e-01
 -1.07116973e+00 -6.26141787e-01  6.65143311e-01 -3.75568658e-01
 -3.10819410e-02 -5.86254358e-01 -8.16517770e-02  4.37522084e-02
  9.80657279e-01 -5.68747342e-01 -4.53689456e-01  1.56870246e-01
  3.57642680e-01 -1.19764709e+00 -7.01450765e-01  1.22692585e-01
 -4.23464030e-02  2.39324540e-01 -1.33635744e-01 -5.78293800e-01
  4.30353701e-01  8.75560820e-01  1.54088527e-01  6.41665161e-02
  6.14917040e-01 -1.25441337e+00 -1.48526490e-01  1.64491385e-01
  4.99148577e-01  5.45023859e-01 -1.40961939e-02 -4.21592087e-01
  1.46275699e-01 -3.36321563e-01 -5.87290704e-01 -1.10241306e+00
  5.20268604e-02 -5.81143081e-01 -2.68169373e-01  6.02721632e-01]"
piquant,-0.1437760442495346,0.373779833316803,"[-0.5595133  -1.1018592  -0.6149432  -0.29218158 -0.27713728  0.15013897
  0.240306   -0.9779011  -0.09943072 -0.15883487 -0.23237509  0.2493713
 -0.47007334  1.2442951   0.23044962 -0.78975475 -0.03367446 -0.3340126
  0.7142349  -0.39694038 -0.14847942 -0.18702258 -0.4597737   0.32441735
 -1.0979532  -0.63853097 -0.06665364  0.6565707  -1.1149195   2.1755345
 -0.07799582  1.2478411  -0.1451998  -0.06364318  0.23623581  0.33005664
  0.31776515 -0.03390047  0.9950895   0.5476811   0.23593721  0.46893772
  0.05490764  1.0966228   0.33541876 -1.3578771  -1.9881418   0.5327118
 -0.4386487   0.55809766  1.353649   -0.16404945 -1.0479152   0.7510573
  0.41085184 -0.17575702  0.904744    0.1201468   0.23160644 -0.00946618
 -0.6773613  -0.1914745   0.7932883   0.01958433  0.04727461  0.20214592
  0.11573226  0.7911503  -0.01807902  0.66865426 -0.24473035  1.1272476
 -0.280482    0.8636579   0.30826822 -0.5745943   0.84737897 -0.3719814
 -0.51001954 -0.2625251  -0.5773074   0.63894916 -1.533263   -0.7173028
  0.25177792  1.0137928  -0.96604156 -0.27713948  0.13695128 -0.04567345
 -1.038146    0.7054318  -0.3656013   1.0638592   0.12656699 -2.1133924
 -1.0267171   1.5362954   0.51898366 -1.4800208   0.12930189  0.44668543
  0.22568375  0.34144157 -0.10139509  0.54258835 -0.6361624   0.39356798
  0.26151514  0.2600071  -0.03492941  0.31893206  0.21387061  0.08070361
 -0.09620526  0.06377874 -0.15041491  1.2899158   0.21022941 -0.6434847
 -0.14698738  0.32119325  0.0028649   0.22106501  1.8315548   0.48781607
 -0.37154248  0.11235221 -0.5461228  -0.37350807 -0.96961015  0.0850095
 -1.1772646   0.725722    0.4463713  -0.4115002  -0.01151402 -0.2538087
  0.46086854  0.10199275 -0.28978407 -1.7136692   0.85416317  0.5066927
 -1.0320462  -0.09809798  0.0674133  -0.9930882   0.02526653  0.3508193
  0.94956255  0.22178227 -1.1035686   0.80993783 -1.1643366   0.50221044
 -0.9670888  -0.18536559  0.35563186 -0.15710844 -0.919527    0.6081265
  0.44156778  0.5554176   0.34036133  0.28524747  0.6186953   1.9423761
  0.09528309 -0.24490812 -0.05520328  0.2382376   0.10682238 -1.093303
  0.17031929  1.2492138  -0.13539742  1.1807722  -0.8280071   0.6737166
  0.6591036   0.14813836 -0.03496367  0.21515904  1.0781434  -0.610847
  0.26534006 -0.37916076  0.37750304 -0.52457374 -1.2043446  -0.00888796
  0.7508529   0.37114143 -1.2396767   0.42592272 -0.33242244 -0.30639297
 -0.8878818  -0.26653585  0.65105593  0.23362806  0.19091374  0.20132495
  1.0845836   1.1411105  -0.66970205 -1.8621596   0.3066084  -0.2612629
 -0.04411656 -0.92641515  0.14090697 -0.04225753  0.8317741  -0.34676033
  0.70334375 -0.06886092  0.73966277 -1.500512   -1.1826501   0.18197188
  0.00990428 -0.2843945  -0.09955865 -0.06412029  0.30550912 -0.35474375
  0.3061261  -0.36097628  0.6363444   0.815998   -0.3390189   0.23395634
 -0.3487536  -0.5188687   0.4748805  -0.06051205  0.11786577  0.56307286
  0.6407555   0.08120181  0.31759155 -0.6384417  -0.01223341 -0.22365224
 -0.9969317   0.3437523   0.10146198  0.3130345   0.6815193   0.21341667
 -0.1843514  -0.3013048  -1.3520308  -0.17509893 -1.0583682   0.35330284
  0.05337052 -0.5838911  -1.2756188   0.64985526 -0.1825968   0.7055302
 -1.0724978  -0.11522795  0.3438074  -1.5138335   0.15685911 -0.0287772
 -0.34751722 -0.21751998  0.6333161  -1.292814   -0.5367663  -1.4457668
  0.18459679 -1.0612285  -0.32994357 -0.47800398 -0.54418397  0.11602674
 -0.65761304  0.34113413  1.1790242   0.5341648   0.19803089 -0.36903688
 -1.2816348  -0.18733735 -1.0670013  -0.23504218 -0.6883092  -0.8136969
 -0.6060758   1.0212632   1.2041632   0.9334816   0.50338614  0.48225412]"
fat,-0.12381769716739655,0.5313950181007385,"[ 0.25233647 -0.47982505  0.32982475  0.4627527  -0.21477474  0.19296052
 -0.11999748 -0.19659017 -0.42072955 -0.0290958  -0.08142991  0.11509568
 -0.23188879  0.0872638  -0.14258565 -0.18825871  0.18427032 -0.3316648
 -0.32690164  0.1397132  -0.75946313  0.04062435 -0.23263548  0.26239863
  0.18865873  0.02906007  0.08402605 -0.334017    0.23201375 -0.04946593
 -0.12854172  0.47440422  0.27273446  0.3327272   0.26565313  0.35657102
  0.32437503 -0.17522411  0.76791936 -0.2835536  -0.2575605   0.27769217
 -0.1704186  -0.1414114   0.09745202 -0.05397439 -0.21086259  0.02483388
 -0.15564317  0.18350302  0.25460517 -0.06767218 -0.20204176  0.1386565
  0.38403141  0.17833044  0.17321008  0.18399502  0.4774013   0.08664572
 -0.3122775  -0.21124023 -0.34564748  0.04039672  0.3075355  -0.50795054
 -0.2824342   0.47673342 -0.12845396 -0.10721456  0.06053857  0.20151848
 -0.06406806  0.2788989   0.08930402  0.14631835  0.06305539  0.23470087
  0.4336446  -0.13992678 -0.06831208  0.05580847 -0.1976992  -0.05187671
 -0.2059751   0.1723089  -0.1939031   0.37143734 -0.03345108 -0.45581302
  0.12870099  0.1460791  -0.23091616  0.1562305   0.11330209 -0.57394755
  0.14071247  0.280262    0.18918605 -0.3697404  -0.19441433 -0.02056387
  0.25048473  0.11190078 -0.02420921  0.13436092 -0.32901496  0.3195556
  0.36852768 -0.03592984 -0.028092   -0.18325147  0.42520237  0.08578955
  0.03040788  0.05639988  0.3224683  -0.00352284 -0.34231716 -0.2598995
  0.0198151  -0.01924122 -0.19610184  0.45170802 -0.21758069 -0.06074221
  0.17314859 -0.214263    0.09257798  0.03105764  0.08874618 -0.0109428
 -0.12216373  0.2538621  -0.04033506 -0.04969345 -0.50497985  0.0298678
  0.29775319 -0.01849913 -0.42923898  0.21631718 -0.0684827   0.27774498
 -0.13163367  0.03683595 -0.08545507 -0.31952432 -0.21552363  0.02023154
  0.35801136 -0.0839837   0.16346365  0.09728687 -0.14157403  0.19334169
  0.26601198 -0.04182498 -0.23504916  0.18387884  0.17213339 -0.13906182
 -0.24606949  0.12877701 -0.22514763  0.24040045 -0.00140663 -0.03807828
 -0.01132268 -0.08162887 -0.19672412  0.68454415 -0.4295767  -0.11130928
 -0.34374774  0.13633953  0.36143878 -0.02356617 -0.12212583  0.21780697
 -0.04093495 -0.3528351  -0.33362964  0.30572504 -0.17628321 -0.09799578
  0.05635342 -0.10238229 -0.14623816 -0.25033507 -0.31837103  0.08154683
  0.27133414 -0.0449711  -0.15951906  0.49357033  0.29883358  0.16637313
  0.16221708  0.18140586 -0.0392044   0.00093158  0.48846972 -0.05593336
  0.1792549   0.03615876  0.23017289 -0.2425773   0.02707889  0.49176532
  0.14290586  0.18737663  0.17057031  0.06074723  0.01269535 -0.12002159
  0.24596706  0.0315858  -0.05552183  0.2364873  -0.14742301  0.09241307
 -0.13719974 -0.30903733  0.28122464  0.10901752 -0.26238328 -0.22956778
 -0.24121414 -0.14431877 -0.0551557   0.29764163  0.02831307  0.11208379
  0.23406692 -0.02589871 -0.02903111  0.17821074 -0.43885317 -0.11574436
  0.09797964  0.09456404  0.21097484 -0.16207011  0.15659569 -0.09491963
 -0.36956155  0.32810876  0.28390318 -0.11041693 -0.24071115  0.02584606
  0.02329797  0.0671275   0.17250308 -0.05235008  0.20550527 -0.2531523
 -0.17891426  0.07320625  0.06314593 -0.5147082  -0.16744176 -0.13504674
  0.3540704  -0.38074008  0.0155796  -0.12721838  0.3347226  -0.17957938
 -0.41299227 -0.13621114  0.3470855  -0.43298772 -0.44358253  0.24511074
 -0.04562054  0.2311891  -0.07931776 -0.01588395 -0.19737945  0.67892295
  0.40377548 -0.11254662 -0.02588941 -0.1058722  -0.02137397 -0.37992513
  0.1056555   0.30895436  0.28950146 -0.24081157  0.00625355 -0.06875041
 -0.23781055 -0.49126637  0.27604952 -0.39795637 -0.259873    0.03209432]"
bitter,-0.19263187050819397,0.5217511653900146,"[-1.11245441e+00 -2.62352265e-02  7.30022848e-01  3.59580368e-01
 -6.98608994e-01 -1.03350067e+00 -6.83812380e-01  8.13989937e-02
  3.07639390e-01  4.79897320e-01 -1.04820478e+00 -9.61317345e-02
  8.28448057e-01 -2.82610446e-01 -6.32140040e-01 -4.56286192e-01
  6.47619665e-01  4.13767099e-01  1.32976377e+00 -6.28576458e-01
  3.90313506e-01 -7.21121609e-01  4.69761044e-01 -8.38513076e-02
  1.06744289e+00 -8.50845218e-01 -5.38319796e-02 -1.04513073e+00
 -6.40359879e-01  1.07386589e+00  6.82942569e-02  1.01876712e+00
 -5.07206678e-01  3.27985764e-01 -4.09396142e-01 -1.52349424e+00
 -2.34378070e-01 -6.28475010e-01 -1.00759059e-01 -7.75510490e-01
 -1.57836056e+00 -6.78296268e-01  5.94344079e-01  4.08889383e-01
 -3.17367464e-01  3.44658017e-01 -5.99613786e-01  8.01022649e-01
 -3.37499559e-01 -1.89731985e-01 -2.04244226e-01  2.12103993e-01
  2.17525259e-01  2.65769094e-01  1.36081278e+00 -1.36208057e+00
 -1.51783228e-03 -2.74687648e-01  1.18105030e+00  1.93727970e-01
  5.03908455e-01 -7.08431780e-01  1.07820976e+00  3.54378581e-01
  1.32875681e+00  3.01193297e-01  1.14375401e+00 -3.02412450e-01
 -8.19328904e-01  3.55448633e-01  8.59109640e-01 -3.35837752e-01
  1.69753745e-01 -1.16910326e+00 -1.49133730e+00 -3.16515297e-01
  9.59165394e-02 -3.07195783e-02  4.65787023e-01 -6.05404973e-02
 -2.33559206e-01  2.01168537e-01 -1.27442646e+00  3.75489593e-02
 -2.06582642e+00 -2.56434053e-01  7.88150877e-02  2.29314849e-01
  1.53684735e+00  9.48624253e-01 -8.02090704e-01  5.25327623e-02
 -6.89937890e-01  4.93387759e-01  3.64229262e-01 -9.78021502e-01
  7.39679873e-01  1.27581716e-01 -1.10560536e+00 -2.14604050e-01
 -1.76624626e-01 -5.28576255e-01  1.53156459e+00  1.13346505e+00
 -1.92044437e-01 -3.81266236e-01 -6.31568551e-01 -9.87501264e-01
  3.37862432e-01  1.77829146e-01  3.71418476e-01 -3.70577931e-01
 -2.85808831e-01  1.06761777e+00 -5.79110861e-01  1.60201573e+00
  1.66390371e+00  2.25381374e-01 -1.86044529e-01  6.41834378e-01
 -9.62519526e-01  1.37066460e+00  5.26206255e-01 -2.37092286e-01
  3.61790955e-01  6.49420202e-01  3.43844950e-01 -1.30245042e+00
 -4.91927534e-01  7.80930758e-01  6.15549505e-01 -6.45717978e-01
 -9.26444888e-01 -3.48218322e-01 -9.20795619e-01 -5.30015826e-01
 -6.46610618e-01  1.36047065e+00 -5.63976616e-02  1.42357722e-01
 -3.03694129e-01 -1.39203429e+00  4.42556143e-01 -3.51155102e-02
 -1.14726269e+00  2.73252934e-01  9.21737850e-02 -9.44609046e-01
 -2.20705271e-02  4.42603052e-01  1.19786477e+00  3.50769162e-02
 -1.02290082e+00  8.95374179e-01  1.95963174e-01 -9.49230254e-01
  3.03903222e-02  1.01944357e-01 -1.06150389e+00 -9.04185593e-01
 -1.11636007e+00 -3.27384502e-01  1.27610159e+00 -1.78958499e+00
  3.68915468e-01  1.96542501e-01  1.05388749e+00  1.24573731e+00
 -2.17458159e-02  3.57969224e-01 -9.28192794e-01  6.21951342e-01
  1.74867690e-01 -7.72151589e-01  2.69891357e+00 -3.96706522e-01
  3.94987077e-01  1.27694917e+00  4.13829148e-01  1.65314525e-01
 -7.11193860e-01  1.93569794e-01 -1.04382291e-01 -4.87170219e-02
  5.22273242e-01  9.42783952e-02  5.44109419e-02  4.37640011e-01
  6.38365269e-01 -1.29139686e+00  1.55738473e+00 -4.82626617e-01
  9.77605820e-01  3.69605064e-01  8.93909335e-02  5.05907595e-01
 -3.92579973e-01  9.82726872e-01 -7.33453512e-01 -1.03824210e+00
 -6.07754469e-01  6.66444242e-01 -2.30211049e-01 -1.06034565e+00
  4.70628440e-01  2.49520302e-01 -1.38926768e+00 -1.31031322e+00
 -4.09732461e-02  1.56830251e-01 -1.26188099e-01 -1.75327837e-01
 -4.18066055e-01  2.62420207e-01  1.72697753e-01 -8.08941901e-01
  5.64524770e-01 -4.79929596e-02  9.41948831e-01 -5.18564820e-01
  6.16614997e-01  1.00344586e+00  5.64555049e-01  4.44694489e-01
  5.30188084e-02  7.63336897e-01 -7.31108844e-01  1.29831076e+00
 -2.55158961e-01  7.10052922e-02  5.21046042e-01  4.87495303e-01
  3.60232174e-01 -2.23745912e-01 -4.30506200e-01  1.71397233e+00
 -7.46899366e-01  1.10138750e+00  5.27799726e-02 -3.74326646e-01
 -8.64020407e-01  1.34620893e+00  3.65892351e-01 -3.78885001e-01
 -2.19997793e-01 -4.68105823e-01 -3.63640130e-01  1.74860656e-02
 -1.05373524e-01  3.05486679e-01 -6.39553964e-01  5.72248995e-01
 -1.08486795e+00 -1.46410078e-01 -1.11284685e+00 -8.96121562e-01
  2.11196437e-01 -5.01506329e-01 -9.56810236e-01  4.27558839e-01
 -1.36661005e+00 -1.87872577e+00  1.02826548e+00  6.80323601e-01
 -2.33972460e-01  1.17018771e+00  7.16548324e-01 -2.09029466e-01
  2.44920909e-01  1.45911932e-01  3.05858135e-01  9.21408713e-01
  2.87113607e-01  4.30224925e-01 -5.61896503e-01 -3.41484964e-01
  9.52320397e-01  3.46920669e-01 -9.55322981e-01 -1.97197104e+00
 -1.15971637e+00  2.16800272e-02  1.82376444e-01  7.33603477e-01
  2.90362597e-01 -3.48211318e-01 -3.94719243e-01 -6.74847484e-01
 -9.53447223e-01  1.07245946e+00  6.29260480e-01 -5.67157567e-01
  1.00252068e+00 -2.52634346e-01 -7.18442440e-01  3.10574144e-01
  9.69269872e-01 -1.77598536e-01 -2.93735206e-01  5.40228963e-01]"
